tournament_id,tournament_name,date,location
1,Pre-emptive web-enabled middleware,2018/08/16,Doljevac
2,Balanced interactive solution,2018/10/11,Purbalingga
3,Focused background knowledge base,2018/11/14,Nāgarpur
4,Public-key reciprocal groupware,2018/09/29,Volkhov
5,Profound transitional solution,2018/07/18,Balayang
6,Horizontal discrete algorithm,2018/11/21,Baie-D'Urfé
7,Streamlined holistic approach,2018/09/06,Hougang
8,Mandatory exuding parallelism,2018/03/29,Ladner
9,Enhanced asynchronous secured line,2018/03/22,Bukabu
10,Reactive system-worthy matrix,2018/05/03,Águas de Lindóia
11,Seamless incremental intranet,2018/06/02,Olympia
12,Synergized cohesive matrix,2018/09/29,Mantalongon
13,Decentralized asymmetric infrastructure,2018/04/04,Rasskazovo
14,Ameliorated uniform instruction set,2018/11/07,Xinjie
15,Vision-oriented empowering approach,2018/11/12,Bruzual
16,Robust neutral flexibility,2018/11/20,Ranambeling
17,Persistent grid-enabled extranet,2018/04/04,Pirok
18,Multi-tiered scalable middleware,2018/12/03,La Palma
19,Versatile national software,2018/09/29,João Câmara
20,Switchable regional architecture,2018/01/31,Badarganj
21,Function-based bandwidth-monitored service-desk,2018/07/24,Tongouson
22,Optional scalable attitude,2018/04/05,Esperanza
23,Grass-roots composite moderator,2018/07/25,Ust’-Kalmanka
24,Right-sized context-sensitive data-warehouse,2018/11/15,Syamzha
25,Future-proofed tertiary artificial intelligence,2018/11/16,Baishui
26,Organized background hardware,2018/04/17,Chignayhua
27,Ergonomic regional complexity,2018/09/01,Stockholm
28,Optimized dynamic task-force,2018/01/05,Pimenta Bueno
29,Compatible full-range model,2018/07/26,Ryōtsu-minato
30,Polarised regional throughput,2018/05/24,Karata
31,Team-oriented real-time open architecture,2018/02/23,Zhongling
32,Future-proofed explicit installation,2018/09/12,Ajung
33,Multi-layered hybrid leverage,2018/12/30,Xiangyun
34,Customer-focused zero tolerance standardization,2018/07/27,Tân Hiệp
35,Reverse-engineered solution-oriented workforce,2018/10/30,Candelaria
36,Front-line multimedia ability,2018/02/24,Leles
37,Enterprise-wide tangible budgetary management,2018/02/13,Sojo
38,Secured clear-thinking toolset,2018/08/31,Bali
39,Proactive fault-tolerant interface,2018/03/30,Viline
40,Face to face tangible framework,2018/01/08,Caldas das Taipas
41,Reactive radical solution,2018/01/05,Kirkland Lake
42,Realigned eco-centric portal,2018/09/10,El Carmen
43,Multi-tiered clear-thinking algorithm,2018/10/30,Ruy Barbosa
44,Customer-focused zero tolerance infrastructure,2018/02/15,Pokhara
45,Stand-alone user-facing methodology,2018/06/18,Nokaneng
46,Diverse systematic projection,2018/11/24,Morris
47,Focused next generation encryption,2018/05/05,Perstorp
48,Persistent executive database,2018/08/23,Kovel’
49,Robust regional Graphic Interface,2018/10/18,Jixian
50,Customer-focused optimal instruction set,2018/10/21,Jiangdulu
51,Decentralized user-facing neural-net,2018/07/28,Janakkala
52,Versatile maximized challenge,2018/09/15,Arlington
53,Configurable exuding Graphical User Interface,2018/07/17,Jargalant
54,Automated bottom-line superstructure,2018/11/09,Xiashixiang
55,Integrated directional complexity,2018/04/24,La Curva
56,Grass-roots leading edge project,2018/04/04,Zaleszany
57,Networked local hub,2018/03/27,Karlskoga
58,Vision-oriented discrete moratorium,2018/03/20,Conroe
59,Synchronised tertiary standardization,2018/03/29,Sinamaica
60,Future-proofed interactive focus group,2018/11/08,Sloboda
61,Profit-focused needs-based extranet,2018/03/26,Jianshe
62,Centralized systematic superstructure,2018/04/19,Guernica
63,Profound modular open system,2018/02/17,Ping’an
64,Re-engineered bandwidth-monitored moderator,2018/05/16,Villa Bustos
65,Versatile cohesive model,2018/05/25,Malibago
66,Monitored system-worthy local area network,2018/11/10,Sibiti
67,Optional attitude-oriented emulation,2018/08/27,Aleksandrovka
68,Function-based 5th generation protocol,2018/01/17,Jinquan
69,Reverse-engineered multi-state flexibility,2018/12/30,Nyzhnya Krynka
70,Persevering national Graphical User Interface,2018/10/22,Bergerac
71,Customizable optimizing function,2018/11/01,Kaloyanovo
72,Configurable holistic software,2018/02/11,Jingdang
73,Robust mission-critical time-frame,2018/03/19,Narail
74,Business-focused solution-oriented alliance,2018/05/21,Baddomalhi
75,Down-sized full-range core,2018/05/15,Waihi Beach
76,Proactive zero tolerance hub,2018/11/26,Aizhai
77,Optimized heuristic installation,2018/04/10,Igreja
78,Cloned discrete collaboration,2018/03/28,Hayan Hudong
79,Versatile reciprocal instruction set,2018/06/22,Šumperk
80,Profit-focused 4th generation strategy,2018/09/09,Sarishābāri
81,Customizable client-driven encryption,2018/10/25,Dajin
82,Multi-channelled methodical leverage,2018/11/09,Brinkmann
83,Public-key heuristic help-desk,2018/01/20,České Meziříčí
84,Balanced contextually-based groupware,2018/10/09,Jingnao
85,Intuitive zero defect knowledge base,2018/09/07,Yuyapichis
86,Organized didactic leverage,2018/10/08,Tawali
87,Up-sized bottom-line intranet,2018/05/08,Rashaant
88,Profit-focused bifurcated conglomeration,2018/09/11,Bo Phloi
89,Up-sized fault-tolerant support,2018/03/09,Netrakona
90,Inverse zero administration capacity,2018/06/16,Sukaraja
91,Phased web-enabled process improvement,2018/06/22,Guanambi
92,User-friendly bandwidth-monitored interface,2018/05/07,Xigou
93,Multi-channelled fault-tolerant capability,2018/10/24,Rudniki
94,De-engineered mission-critical installation,2018/09/09,Göteborg
95,Centralized fault-tolerant analyzer,2018/12/18,Kondangrege
96,Team-oriented optimal standardization,2018/01/23,Divnomorskoye
97,Cloned regional algorithm,2018/04/29,Thị Trấn Mường Khương
98,Horizontal optimizing architecture,2018/07/17,Huangshagang
99,Synergistic value-added process improvement,2018/02/02,Maradabangga
100,Programmable bandwidth-monitored framework,2018/08/25,Maji
101,Face to face coherent software,2018/09/18,Raydah
102,Streamlined intermediate attitude,2018/09/07,Murom
103,Compatible national artificial intelligence,2018/07/22,les Escaldes
104,Seamless well-modulated process improvement,2018/01/26,Sampao
105,Fully-configurable heuristic flexibility,2018/05/20,Libofshë
106,Implemented 5th generation approach,2018/05/02,Sanankerto
107,Re-contextualized national migration,2018/10/14,Korydallós
108,Expanded high-level process improvement,2018/04/06,Senhor da Serra
109,Synergized transitional migration,2018/09/23,Moravská Nová Ves
110,Grass-roots responsive structure,2018/09/08,Černilov
111,Advanced impactful protocol,2018/07/13,Petropavlovsk
112,Quality-focused intangible hub,2018/03/16,George Town
113,Balanced human-resource throughput,2018/03/18,Skhodnya
114,Devolved non-volatile model,2018/07/14,Sŏnbong
115,Mandatory real-time ability,2018/04/25,Selopuro
116,Digitized foreground intranet,2018/06/05,As Sūsah
117,Horizontal local product,2018/07/10,Palama
118,Future-proofed contextually-based superstructure,2018/09/07,Telêmaco Borba
119,Visionary dedicated functionalities,2018/06/21,Karabas
120,Fundamental 3rd generation access,2018/07/19,Dmitriyevskaya
