3001,Ky Hayhow,khayhow0
3002,Giffie Madders,gmadders1
3003,Chelsy Sylvester,csylvester2
3004,Doralynn Maryman,dmaryman3
3005,Herschel Birrel,
3006,Deedee Wooldridge,dwooldridge5
3007,Amaleta Cossell,acossell6
3008,Artair Lasty,alasty7
3009,Paolina Murby,pmurby8
3010,Annabelle Gozney,agozney9
3011,Calla Grassett,cgrassetta
3012,Melissa De Fraine,mdeb
3013,Petronille Adcocks,padcocksc
3014,Cy Andersen,candersend
3015,Georas Le Provost,glee
3016,Dunstan Jemmison,
3017,Margo Boynton,mboyntong
3018,Kevan Echelle,kechelleh
3019,Belia Bullough,bbulloughi
3020,Terrye D'Alessio,tdalessioj
3021,Dale Manson,dmansonk
3022,Garwin De Lasci,gdel
3023,Gertrudis Roz,
3024,Aloise Hartles,ahartlesn
3025,Hunter Lapthorne,hlapthorneo
3026,Odelinda Odgers,oodgersp
3027,Aldric Conneau,aconneauq
3028,Fonzie Eim,feimr
3029,Celesta Iorillo,ciorillos
3030,Marita Kordes,mkordest
3031,Andrei McCorry,amccorryu
3032,Meridith Voules,mvoulesv
3033,Wallie Amyes,wamyesw
3034,Quill Nunn,qnunnx
3035,Celine Belf,cbelfy
3036,Griz Uwins,guwinsz
3037,Bobette Brixham,bbrixham10
3038,Lissa Kermode,lkermode11
3039,Cary Abrahamson,cabrahamson12
3040,Nataline Banfield,nbanfield13
3041,Desirae Shaxby,dshaxby14
3042,Gaylord Baillie,gbaillie15
3043,Shep Major,smajor16
3044,Agretha Corkill,acorkill17
3045,Marga Hauger,mhauger18
3046,Jo-ann Fullilove,jfullilove19
3047,Bevin Goude,bgoude1a
3048,Erskine Winckworth,ewinckworth1b
3049,Laurens Mallan,lmallan1c
3050,Rudy Colborn,rcolborn1d
3051,Germayne Pearmine,gpearmine1e
3052,Mela Duckitt,mduckitt1f
3053,Danya Bebbell,dbebbell1g
3054,Dominga Ivanets,divanets1h
3055,Chev Burling,cburling1i
3056,Marlie Truckett,mtruckett1j
3057,Leonie Senechault,lsenechault1k
3058,Mavra Probert,mprobert1l
3059,Pegeen Frawley,
3060,Franky Cord,fcord1n
3061,Reynard Fenck,
3062,Mildrid Mieville,
3063,Alika Claige,aclaige1q
3064,Bel Cotty,bcotty1r
3065,Lorri Bambury,lbambury1s
3066,Marjory Benardet,
3067,Winona Rotlauf,wrotlauf1u
3068,Ezequiel Etheridge,eetheridge1v
3069,Orel Howling,ohowling1w
3070,Nat Farmery,nfarmery1x
3071,Gaile Craft,gcraft1y
3072,Laureen Gommery,lgommery1z
3073,Currey Charity,ccharity20
3074,Davide Peterson,dpeterson21
3075,Bastien Fittall,bfittall22
3076,Tabbi Summergill,tsummergill23
3077,Silas Coopper,scoopper24
3078,Julia Pre,jpre25
3079,Kendrick Fransewich,kfransewich26
3080,Maria Dron,mdron27
3081,Karlan Gloucester,kgloucester28
3082,Cristi Acome,cacome29
3083,Myrilla Mizzi,mmizzi2a
3084,Madlen Stillwell,mstillwell2b
3085,Tedd Mariette,tmariette2c
3086,Valaree Jandourek,vjandourek2d
3087,Tabor Kippins,tkippins2e
3088,Isidore Winfield,iwinfield2f
3089,Susanne Pannett,spannett2g
3090,Arluene Burgett,aburgett2h
3091,Aldrich Kinnar,akinnar2i
3092,Clarey Hatherell,chatherell2j
3093,Saxe Josefsohn,sjosefsohn2k
3094,Jean Morrell,jmorrell2l
3095,Faun Harvie,fharvie2m
3096,Misti Guiver,mguiver2n
3097,Carlin Lyne,clyne2o
3098,Linn Tuhy,
3099,Manya Oaks,moaks2q
3100,Filide Knevit,fknevit2r
3101,Kristi Pierri,kpierri2s
3102,Lebbie Summersby,lsummersby2t
3103,Cynthea Pendleberry,cpendleberry2u
3104,Faulkner Vakhlov,fvakhlov2v
3105,Wanids Leftbridge,wleftbridge2w
3106,Delly Lapenna,dlapenna2x
3107,Pail Motten,pmotten2y
3108,Alethea Dalliston,adalliston2z
3109,Garwin Uzelli,guzelli30
3110,Donia Gimert,dgimert31
3111,Chester Pargent,cpargent32
3112,Merrily Hawkett,mhawkett33
3113,Tamas Gathercole,tgathercole34
3114,Blayne Craigheid,bcraigheid35
3115,Ernaline Buxcey,
3116,Megen Maris,
3117,Godfree Armytage,garmytage38
3118,Elle Rackham,erackham39
3119,Bernie Romaynes,bromaynes3a
3120,Kaleb Barneveld,kbarneveld3b
3121,Eliza Christescu,echristescu3c
3122,Dwight Servante,
3123,Edvard Chad,echad3e
3124,Rhianna Van der Baaren,
3125,Drud Mair,dmair3g
3126,Sileas Ivoshin,sivoshin3h
3127,Lesya Willment,lwillment3i
3128,Eyde Sloley,esloley3j
3129,Flss Chazotte,fchazotte3k
3130,Adrianna Cush,acush3l
3131,Paxton O'Doran,podoran3m
3132,Uta McKibben,umckibben3n
3133,Cindi Raphael,craphael3o
3134,Rozina Ledgerton,
3135,Niles Sertin,nsertin3q
3136,Nari Raggitt,nraggitt3r
3137,Leoline Wesley,lwesley3s
3138,Martha Banbridge,mbanbridge3t
3139,Dredi Primak,dprimak3u
3140,Christie Asch,casch3v
3141,Jacques Vint,jvint3w
3142,Pascale Kighly,pkighly3x
3143,Ailbert Mulderrig,amulderrig3y
3144,Leontine Cossum,lcossum3z
3145,Hildegaard Jurries,hjurries40
3146,Arlin Cowderay,acowderay41
3147,Huntington Delucia,
3148,Shell Casali,scasali43
3149,Skippie Bowen,sbowen44
3150,Ase Benoit,abenoit45
3151,Rosetta Doncom,rdoncom46
3152,Sancho Royle,sroyle47
3153,Farrel Rubinsohn,frubinsohn48
3154,Constancia Smylie,csmylie49
3155,Elena Vinson,evinson4a
3156,Barbra Yea,byea4b
3157,Celina Rodmell,crodmell4c
3158,Shirleen Crake,scrake4d
3159,Meir Edwins,medwins4e
3160,Jimmie Rohfsen,jrohfsen4f
3161,Web Denyagin,wdenyagin4g
3162,Shell Thring,sthring4h
3163,Benedick Innocenti,binnocenti4i
3164,Cindra Vala,cvala4j
3165,Freda Bene,fbene4k
3166,Auroora Jeannel,ajeannel4l
3167,Sullivan Huccaby,shuccaby4m
3168,Adorne Harrald,
3169,Stacy Wilshaw,swilshaw4o
3170,Debby Mc Gaughey,dmc4p
3171,Layton Rice,lrice4q
3172,Valma McMorland,vmcmorland4r
3173,Ally Botly,
3174,Merry Sparrow,msparrow4t
3175,Happy Wasmuth,hwasmuth4u
3176,Dre Yushachkov,dyushachkov4v
3177,Fawnia Artz,
3178,Jessey Snowsill,jsnowsill4x
3179,Tori Odell,todell4y
3180,Katti Roget,kroget4z
3181,Alta Ellerman,aellerman50
3182,Blayne Ortzen,bortzen51
3183,Blondell Dunseath,bdunseath52
3184,Boniface Botterman,bbotterman53
3185,Hewe Daltrey,hdaltrey54
3186,Gilberte Scading,
3187,Darwin Puttrell,dputtrell56
3188,Noreen Stiffkins,nstiffkins57
3189,Eustace Howe,ehowe58
3190,Gale Braundt,gbraundt59
3191,Ernestine Breyt,ebreyt5a
3192,Daffi Artus,
3193,Jordain Benitez,jbenitez5c
3194,Ivor Crosskill,icrosskill5d
3195,Erastus Du Fray,edu5e
3196,Rafaello Isacsson,risacsson5f
3197,Evey Scullin,escullin5g
3198,Thaddeus Derr,tderr5h
3199,Sophia Jollie,sjollie5i
3200,Zebulen Glasman,zglasman5j
3201,Loralee Mettrick,lmettrick5k
3202,Shena Enrietto,senrietto5l
3203,Rozanne Local,rlocal5m
3204,Colby Sibbering,csibbering5n
3205,Nickola Spenceley,nspenceley5o
3206,Gelya Radeliffe,gradeliffe5p
3207,Jade Linnit,jlinnit5q
3208,Melisenda Vassman,mvassman5r
3209,Eugen Hinchshaw,ehinchshaw5s
3210,Milli Prestie,
3211,Carley Alston,calston5u
3212,Rubina Booth,rbooth5v
3213,Alphard Muat,amuat5w
3214,Maxim Hegerty,mhegerty5x
3215,Fred Scimoni,fscimoni5y
3216,Georgianne Sandbatch,gsandbatch5z
3217,Ashbey Jobe,ajobe60
3218,Stanley Iffland,
3219,Tiffy De La Salle,tde62
3220,Binky Riglar,briglar63
3221,Daune Ivanitsa,divanitsa64
3222,Donnell Poundford,dpoundford65
3223,Ryon Ettery,rettery66
3224,Oralle Charnock,ocharnock67
3225,Rafaelia Toplis,rtoplis68
3226,Saraann Bonfield,sbonfield69
3227,Justus Kirk,jkirk6a
3228,Christiano Annesley,cannesley6b
3229,Ealasaid Tabourin,etabourin6c
3230,Beale Millin,bmillin6d
3231,Rafael Braunthal,rbraunthal6e
3232,Willabella Aldgate,waldgate6f
3233,Christiana Pimblett,cpimblett6g
3234,Brigit Prosek,bprosek6h
3235,Tomi Tatlock,ttatlock6i
3236,Catherin Depper,cdepper6j
3237,Tynan Strong,tstrong6k
3238,Annice Hallgalley,ahallgalley6l
3239,Ginnie Guitton,gguitton6m
3240,Fredrika Grigoli,fgrigoli6n
3241,Tremain Kaasmann,tkaasmann6o
3242,Reggie Tenny,rtenny6p
3243,Kleon Piegrome,kpiegrome6q
3244,Marrilee Robertis,mrobertis6r
3245,Ewen Ungerer,eungerer6s
3246,Evanne Bastistini,ebastistini6t
3247,Tedd Rushmere,trushmere6u
3248,Tressa Turnor,tturnor6v
3249,Jenifer Balazot,jbalazot6w
3250,Judi Corkitt,jcorkitt6x
3251,Donnell Falkner,dfalkner6y
3252,Betteann Richardet,brichardet6z
3253,Louie Kiossel,lkiossel70
3254,Duffie Babst,dbabst71
3255,Inger Nutt,inutt72
3256,Sarine Simacek,ssimacek73
3257,Kincaid Colebeck,kcolebeck74
3258,Jeni Leijs,jleijs75
3259,Cathlene Lowers,clowers76
3260,Tobey Wetherburn,twetherburn77
3261,Faber Fowlston,ffowlston78
3262,Robin Hecks,rhecks79
3263,Daisy Littrell,dlittrell7a
3264,Nicholle MacCarroll,nmaccarroll7b
3265,Simonne McPhelimy,smcphelimy7c
3266,Tarra McCrum,tmccrum7d
3267,Joletta Sollis,jsollis7e
3268,Stanly Cawdery,scawdery7f
3269,Franni Sinkins,fsinkins7g
3270,Giff Barnish,gbarnish7h
3271,Fabiano Hedgecock,fhedgecock7i
3272,Lemuel Summerrell,lsummerrell7j
3273,Lyssa Wenn,lwenn7k
3274,Xylia Crain,xcrain7l
3275,Gussy Rex,grex7m
3276,Leon Melrose,lmelrose7n
3277,Joline Offener,joffener7o
3278,Carlene Lydford,clydford7p
3279,Paulo Horburgh,phorburgh7q
3280,Mareah Drewitt,mdrewitt7r
3281,Sibylle Wishart,swishart7s
3282,Sid Cartmale,scartmale7t
3283,Harmonia Charlewood,hcharlewood7u
3284,Nedi Moff,nmoff7v
3285,Daryl Ivanchin,divanchin7w
3286,Gordan Silk,gsilk7x
3287,Cornie Cahan,ccahan7y
3288,Reeta Hultberg,rhultberg7z
3289,Darwin McIllroy,dmcillroy80
3290,Catina Giannazzi,
3291,Elvina Twidale,etwidale82
3292,Odelinda Danne,odanne83
3293,Teressa Whitaker,twhitaker84
3294,Brett Lumbley,blumbley85
3295,Pepi Mixworthy,pmixworthy86
3296,Ben Flucker,bflucker87
3297,Pepillo Seifenmacher,pseifenmacher88
3298,Martica Childes,mchildes89
3299,Rutledge Edgeson,redgeson8a
3300,Kylen MacNab,kmacnab8b
3301,Coop Mcall,cmcall8c
3302,Petunia Juzek,pjuzek8d
3303,Ransell Whaymand,rwhaymand8e
3304,Winnifred Dibden,wdibden8f
3305,Danice Labuschagne,dlabuschagne8g
3306,Sandy Millmore,smillmore8h
3307,Dennie Caston,dcaston8i
3308,Mollie Chave,mchave8j
3309,Art Rome,arome8k
3310,Imojean Claesens,iclaesens8l
3311,Wren Brute,wbrute8m
3312,Vikki Gennrich,
3313,Budd Wallen,bwallen8o
3314,Sarina Storey,sstorey8p
3315,Ianthe Burhill,iburhill8q
3316,Charla Yitzhakov,
3317,Kerwin Devonside,kdevonside8s
3318,Orlando Crufts,ocrufts8t
3319,Willdon Antunez,wantunez8u
3320,Cairistiona Forrest,cforrest8v
3321,Pacorro Cashford,pcashford8w
3322,Sydelle Beal,sbeal8x
3323,Davina Lowson,dlowson8y
3324,Chantalle Eloi,celoi8z
3325,Wald Gieraths,wgieraths90
3326,Whitney Waterdrinker,wwaterdrinker91
3327,Edward Izacenko,eizacenko92
3328,Carson Fallens,cfallens93
3329,Daria Kowal,dkowal94
3330,Gloriane Eddies,geddies95
3331,Lauren Twamley,ltwamley96
3332,Marthe Fruen,mfruen97
3333,Theresina Petticrew,tpetticrew98
3334,Dede Dagworthy,ddagworthy99
3335,Faydra Scone,fscone9a
3336,Guthrey Carpe,gcarpe9b
3337,Sim Garken,sgarken9c
3338,Lea Overbury,loverbury9d
3339,Madalena Duigan,mduigan9e
3340,Althea Tomasutti,atomasutti9f
3341,Darnall Bart,dbart9g
3342,Alysia Proswell,aproswell9h
3343,Cher Reame,creame9i
3344,Clayton Ludron,
3345,Gearard Corran,gcorran9k
3346,Early Gwalter,egwalter9l
3347,Cherey Behagg,cbehagg9m
3348,Marlyn Perdue,mperdue9n
3349,Nikolaos Youdell,nyoudell9o
3350,Koren Puffett,kpuffett9p
3351,Eleen Blencowe,eblencowe9q
3352,Nerita Collie,ncollie9r
3353,Katherina Gunther,kgunther9s
3354,Friederike Weathey,fweathey9t
3355,Sigismond Dowdney,sdowdney9u
3356,Yank Belsham,ybelsham9v
3357,Jordain Stollsteiner,jstollsteiner9w
3358,Xavier Novotne,xnovotne9x
3359,Yetty Hollyland,yhollyland9y
3360,Alleen Heatherington,aheatherington9z
3361,Ariela Fitzsimons,afitzsimonsa0
3362,Marchelle Koppens,mkoppensa1
3363,Wilmer Lankester,wlankestera2
3364,Ortensia Tee,oteea3
3365,Nerita Snell,nsnella4
3366,Moreen Klees,mkleesa5
3367,Tuck Prettjohn,tprettjohna6
3368,Elnar Mindenhall,emindenhalla7
3369,Dino Wickwar,dwickwara8
3370,Allyce Gittus,agittusa9
3371,Kessiah Selley,kselleyaa
3372,Archer Pfeffle,apfeffleab
3373,Laurie Pardal,lpardalac
3374,Galven Rydings,grydingsad
3375,Merilee Brokenshaw,mbrokenshawae
3376,Darelle O'Hagirtie,dohagirtieaf
3377,Mackenzie Scurlock,mscurlockag
3378,Mariana Crock,mcrockah
3379,Claudelle Garden,cgardenai
3380,Jesselyn Issacson,jissacsonaj
3381,Kirby Hegerty,khegertyak
3382,Evvie Biggins,ebigginsal
3383,Aline Inkle,ainkleam
3384,Elbertina Devany,edevanyan
3385,Joni Anneslie,janneslieao
3386,Lowe D'Antuoni,ldantuoniap
3387,Adena Stanyer,astanyeraq
3388,Giorgio Krabbe,gkrabbear
3389,Mercy Brittain,mbrittainas
3390,Kerrie Smewin,ksmewinat
3391,Trude O'Corrin,tocorrinau
3392,Katerine Bartosek,kbartosekav
3393,Guntar Riden,gridenaw
3394,Lief Lazarus,llazarusax
3395,Georg Thoday,gthodayay
3396,Ailey Crumby,acrumbyaz
3397,Lisette Creaser,lcreaserb0
3398,Murry Adan,madanb1
3399,Fabio Calrow,fcalrowb2
3400,Halley Iacomelli,
3401,Felix Bruster,fbrusterb4
3402,Barnard Dawtry,bdawtryb5
3403,Felipa Lamke,flamkeb6
3404,Hildegaard Piccop,hpiccopb7
3405,Tallou Louche,tloucheb8
3406,Mikael Hudspeth,mhudspethb9
3407,Diahann Beeken,dbeekenba
3408,Fannie Emney,femneybb
3409,Asa Jeness,ajenessbc
3410,Agnola Rospars,arosparsbd
3411,Yorker Andrelli,
3412,Alexi Calladine,acalladinebf
3413,Petronella Bruyns,pbruynsbg
3414,Byrann Nisen,bnisenbh
3415,Rollin Baskett,rbaskettbi
3416,Theresa Wimes,twimesbj
3417,Wenda Oventon,woventonbk
3418,Norrie Graith,ngraithbl
3419,Reuven Parman,rparmanbm
3420,Etty Lombard,elombardbn
3421,Matthus Budgen,mbudgenbo
3422,Minnnie Buckell,mbuckellbp
3423,Arvie Asson,aassonbq
3424,Egon Esslemont,eesslemontbr
3425,Kaitlyn Crallan,kcrallanbs
3426,Llewellyn Lettley,llettleybt
3427,Elizabet Skitch,eskitchbu
3428,Bibbye McCrostie,bmccrostiebv
3429,Adara Winsome,awinsomebw
3430,Elbertina Yateman,eyatemanbx
3431,Ingeborg Testin,itestinby
3432,Tyson Marlor,
3433,Mahalia Dubber,mdubberc0
3434,Sigismund Kuzemka,skuzemkac1
3435,Hilly McCard,hmccardc2
3436,Eudora Restall,erestallc3
3437,Dedra Duchatel,dduchatelc4
3438,Lucian Surby,lsurbyc5
3439,Daune Bayldon,dbayldonc6
3440,Tris Harwick,tharwickc7
3441,Chris Wynett,cwynettc8
3442,Nichole Castagnier,ncastagnierc9
3443,Gates Klazenga,gklazengaca
3444,Annnora Daniaud,adaniaudcb
3445,Liuka Jacke,ljackecc
3446,Booth Cottage,bcottagecd
3447,Uta Elman,uelmance
3448,Daisi Dimitriev,ddimitrievcf
3449,Caren Foxwell,cfoxwellcg
3450,Easter Millsap,emillsapch
3451,Minna Barribal,mbarribalci
3452,Vinson Simkins,vsimkinscj
3453,Blythe Stickells,bstickellsck
3454,Kacie Goady,kgoadycl
3455,Blisse Munro,bmunrocm
3456,Chelsea McQuaide,cmcquaidecn
3457,Ketty Bignal,kbignalco
3458,Mariel Grigoletti,mgrigoletticp
3459,Adler Koenen,akoenencq
3460,Gilbertina Tiltman,gtiltmancr
3461,Joice Polon,jpoloncs
3462,Rab Elverstone,
3463,Noella Fourmy,nfourmycu
3464,Fielding Seabridge,
3465,Alyosha Hullbrook,ahullbrookcw
3466,Jo-anne Boosey,jbooseycx
3467,Tandi Spraggon,tspraggoncy
3468,Inglebert Bodham,ibodhamcz
3469,Karyn Hain,khaind0
3470,Stearne Burleigh,sburleighd1
3471,Jamill Walsh,jwalshd2
3472,Sander Towsey,stowseyd3
3473,Gwendolyn Scrancher,gscrancherd4
3474,Rem Stoneham,rstonehamd5
3475,Tammara Eles,telesd6
3476,Claudine Flade,cfladed7
3477,Virgie Kensley,vkensleyd8
3478,Adda Gianetti,agianettid9
3479,Francisco Boome,fboomeda
3480,Algernon Ionnidis,aionnidisdb
3481,Hebert Kennefick,hkennefickdc
3482,Lanny Macconaghy,lmacconaghydd
3483,Una Dillicate,udillicatede
3484,Vanya Othick,vothickdf
3485,Bernete Verheijden,bverheijdendg
3486,Angelico Allright,aallrightdh
3487,Babs McKeown,bmckeowndi
3488,Evie Clericoates,eclericoatesdj
3489,Wilton Cheverton,wchevertondk
3490,Nerte Wreath,
3491,Ario Blevin,ablevindm
3492,Clare Ramelet,crameletdn
3493,Lyndsie Antrim,lantrimdo
3494,Bryant Noel,bnoeldp
3495,Bentley Blackaby,bblackabydq
3496,Robb Trotman,rtrotmandr
3497,Hurleigh Gilberthorpe,hgilberthorpeds
3498,Cassy Anstiss,canstissdt
3499,Gav Caddock,
3500,Lorrayne Smickle,lsmickledv
3501,Kerrill Corroyer,kcorroyerdw
3502,Slade Haggerston,shaggerstondx
3503,Gretchen Echalier,gechalierdy
3504,Giacobo Scoates,gscoatesdz
3505,Kermy Ramshaw,kramshawe0
3506,Aurora Liepina,aliepinae1
3507,Andonis Hodgets,
3508,Ilyse Benedtti,ibenedttie3
3509,Malissa Capron,mcaprone4
3510,Hillard Rawkesby,hrawkesbye5
3511,Una Sherwen,usherwene6
3512,Lindsey Hamerton,lhamertone7
3513,Caroline Heninghem,cheningheme8
3514,Cary Spooner,cspoonere9
3515,Candace Rugge,cruggeea
3516,Fee Lysaght,flysaghteb
3517,Bette-ann Sambidge,bsambidgeec
3518,Ring Goodram,rgoodramed
3519,Mickie Hoggan,mhogganee
3520,Rourke Lummasana,rlummasanaef
3521,Alaster Brugden,abrugdeneg
3522,Ashley Antonomolii,aantonomoliieh
3523,Silvain Chilles,schillesei
3524,Felita Krates,fkratesej
3525,Julienne Morey,
3526,Tiff Dampney,tdampneyel
3527,Perceval Marages,pmaragesem
3528,Hilliary Kos,hkosen
3529,Culley Schule,cschuleeo
3530,Aubert Cuttings,acuttingsep
3531,Haskell Kuschke,hkuschkeeq
3532,Marika Nipper,mnipperer
3533,Gonzales Hessle,ghesslees
3534,Roldan Widdowfield,rwiddowfieldet
3535,Roosevelt Mayers,rmayerseu
3536,Mahmoud Oleszczak,moleszczakev
3537,Amil Hyne,ahyneew
3538,Worth Anthill,wanthillex
3539,Isa Regus,iregusey
3540,Cory Loxley,cloxleyez
3541,Astrix Proffitt,aproffittf0
3542,Mitchael Lamyman,mlamymanf1
3543,Cobby Hagwood,chagwoodf2
3544,Karilynn Baines,kbainesf3
3545,Waldon Collinette,wcollinettef4
3546,Clerkclaude Corkell,ccorkellf5
3547,Jakob Creber,jcreberf6
3548,Gerald Lashmar,glashmarf7
3549,Nerti Jollie,njollief8
3550,Kellen Thinn,kthinnf9
3551,Daphene Yeardley,dyeardleyfa
3552,Calida Gozzard,
3553,Tanney Onyon,tonyonfc
3554,Nevil Colliford,ncollifordfd
3555,Brad Kopfen,bkopfenfe
3556,Tildi Cupper,tcupperff
3557,Roman Van Giffen,rvanfg
3558,Wynn MacLaig,wmaclaigfh
3559,Gelya Eaves,geavesfi
3560,Margarita Pittway,mpittwayfj
3561,Maryellen Wolfenden,mwolfendenfk
3562,Conrade Ubanks,cubanksfl
3563,Gertrud Marten,gmartenfm
3564,Leela Blevin,lblevinfn
3565,Nickola Kenrack,nkenrackfo
3566,Viviana Coppens,vcoppensfp
3567,Daune Renyard,drenyardfq
3568,Nicholle Cullon,ncullonfr
3569,Augustina Ghiraldi,aghiraldifs
3570,Toinette Augur,taugurft
3571,Oren Lardier,olardierfu
3572,Ashby Evans,aevansfv
3573,Symon Treacher,streacherfw
3574,Raine Mordue,rmorduefx
3575,Rodi Udden,ruddenfy
3576,Eugene Vaszoly,evaszolyfz
3577,Katha Cossons,kcossonsg0
3578,Dulciana Cossem,dcossemg1
3579,Gearalt Orman,gormang2
3580,Peter Berkery,pberkeryg3
3581,Edythe Giacopello,egiacopellog4
3582,Cyrille Nelissen,cnelisseng5
3583,Jean Strettell,jstrettellg6
3584,Aimee Blakebrough,ablakebroughg7
3585,Roxie Crosetto,rcrosettog8
3586,Trip Leversuch,tleversuchg9
3587,Ethelyn Cone,econega
3588,Silvanus Yuille,syuillegb
3589,Kacie Faye,kfayegc
3590,Carina Pylkynyton,cpylkynytongd
3591,Stillmann Clothier,sclothierge
3592,Mabel Ondrak,mondrakgf
3593,Wallie Di Bernardo,wdigg
3594,Dorothy Leupoldt,dleupoldtgh
3595,Boycie Beedom,bbeedomgi
3596,Kathryne Sisneros,ksisnerosgj
3597,Jamima Postlethwaite,jpostlethwaitegk
3598,Kristos Paten,kpatengl
3599,Harriott Prichet,hprichetgm
3600,Juana Craighill,jcraighillgn
3601,Angil Minchindon,aminchindongo
3602,Gussi Sutherel,
3603,Estrella Dumsday,edumsdaygq
3604,Noami Rearden,nreardengr
3605,Marget Blinman,mblinmangs
3606,Cosetta Ethelston,cethelstongt
3607,Luci Blaxley,lblaxleygu
3608,Gail Dunbobin,gdunbobingv
3609,Blinny Larkby,blarkbygw
3610,Haleigh Duran,hdurangx
3611,Mano Scotson,mscotsongy
3612,Ruby Ludye,rludyegz
3613,Leann Stranahan,lstranahanh0
3614,Haleigh Duchasteau,hduchasteauh1
3615,Elora Wetherhead,ewetherheadh2
3616,Tedi Iwanicki,tiwanickih3
3617,Jamie Petracco,jpetraccoh4
3618,Joy Boothman,
3619,Lanette Tomik,ltomikh6
3620,Bryn Duffett,bduffetth7
3621,Cyndie Lightoller,clightollerh8
3622,Symon McKie,smckieh9
3623,Tiffi Aggio,taggioha
3624,Morrie Mosco,mmoscohb
3625,Darcey Erington,deringtonhc
3626,Stacie Beamont,sbeamonthd
3627,Bowie Hexter,bhexterhe
3628,Ralina Chipperfield,rchipperfieldhf
3629,Lombard Thorndycraft,lthorndycrafthg
3630,Elvis Flory,efloryhh
3631,Harbert Grimoldby,hgrimoldbyhi
3632,Braden Challace,bchallacehj
3633,Valle Heephy,vheephyhk
3634,Vivia Josovitz,vjosovitzhl
3635,Hobie Froud,hfroudhm
3636,Fabien Ceschi,fceschihn
3637,Cleve Grenville,cgrenvilleho
3638,Sile Carlsen,scarlsenhp
3639,Ida Penwright,ipenwrighthq
3640,Maureen Flanaghan,mflanaghanhr
3641,Toddy Jedrychowski,tjedrychowskihs
3642,Roby Renish,rrenishht
3643,Cymbre Lyptrade,clyptradehu
3644,Raleigh Velden,rveldenhv
3645,Darrell Pree,dpreehw
3646,Kristian Shavel,kshavelhx
3647,Alvira Arnoll,aarnollhy
3648,Ashia Borlease,
3649,Hermina Beville,hbevillei0
3650,Anthony Pontin,apontini1
3651,Willamina O'Corrane,wocorranei2
3652,Gabriel Bogie,gbogiei3
3653,Brennan Rowland,browlandi4
3654,Letitia Popov,lpopovi5
3655,Isak Blazevic,iblazevici6
3656,Wallie Kienzle,wkienzlei7
3657,Georgia Wison,gwisoni8
3658,Kathie Flavelle,kflavellei9
3659,Dex Hinge,dhingeia
3660,Gipsy Stanlake,gstanlakeib
3661,Clyde Pottell,cpottellic
3662,Joaquin Beatens,jbeatensid
3663,Norbert Ker,nkerie
3664,Bradly Denniss,bdennissif
3665,Stacia Suttaby,ssuttabyig
3666,Mathe McGilvra,mmcgilvraih
3667,Lucien Ferson,lfersonii
3668,Cleo Armes,carmesij
3669,Starr Maystone,smaystoneik
3670,Ezri Bleackley,ebleackleyil
3671,Anderson Khilkov,
3672,Valeria Paz,vpazin
3673,Catarina Alwen,calwenio
3674,Lezlie Egginson,legginsonip
3675,Mag Guiot,mguiotiq
3676,Taddeo Ashwell,tashwellir
3677,Mechelle Rycroft,mrycroftis
3678,Vaughn Mansford,vmansfordit
3679,Krishna Dawid,kdawidiu
3680,Renado Grastye,rgrastyeiv
3681,Anna Fernez,
3682,Hadria Kiffin,hkiffinix
3683,Mari Bowerbank,mbowerbankiy
3684,Blanch Breckenridge,bbreckenridgeiz
3685,Carmencita Claye,cclayej0
3686,Ellary Feldbau,efeldbauj1
3687,Alberto Pettengell,apettengellj2
3688,Brunhilde Stockle,bstocklej3
3689,Michele Kincaid,mkincaidj4
3690,Merle Marzelo,mmarzeloj5
3691,Muffin Shafe,mshafej6
3692,Maury Gerson,mgersonj7
3693,Suzy Shalcras,sshalcrasj8
3694,Krystalle Petracci,kpetraccij9
3695,Emilee Bails,
3696,Cleve Reyes,creyesjb
3697,Christoper Gamett,cgamettjc
3698,Sara-ann Tonbridge,stonbridgejd
3699,Willetta Emeney,wemeneyje
3700,Caren de Clerc,cdejf
3701,Stephenie Miquelet,smiqueletjg
3702,Cass Kerley,ckerleyjh
3703,Kiley Battams,
3704,Georgi Alejandre,galejandrejj
3705,Jan Djuricic,jdjuricicjk
3706,Eilis Challice,echallicejl
3707,Berti Wallentin,bwallentinjm
3708,Nesta Bedinham,nbedinhamjn
3709,Maurits Rushman,mrushmanjo
3710,Merralee Boeck,mboeckjp
3711,Mitchael Doget,mdogetjq
3712,Kipper Steljes,ksteljesjr
3713,Osmond Ridder,oridderjs
3714,Margaux Terzza,mterzzajt
3715,Elvera Brizland,ebrizlandju
3716,Anthia Waldram,
3717,Isidore Fritchley,ifritchleyjw
3718,Boycey Maw,bmawjx
3719,Marcelline Smythin,msmythinjy
3720,Juieta Lefeaver,jlefeaverjz
3721,Gelya Bentsen,gbentsenk0
3722,Maddi Scotchmore,mscotchmorek1
3723,Phylys Storey,pstoreyk2
3724,Johannah Bullimore,jbullimorek3
3725,Kirk Gager,kgagerk4
3726,Jonathon Vodden,jvoddenk5
3727,Emilie Fanshaw,efanshawk6
3728,Blayne Kybbye,bkybbyek7
3729,Onfroi Chandlar,ochandlark8
3730,Vincenty Bickers,vbickersk9
3731,Juana Grishkov,jgrishkovka
3732,Garek Haines,ghaineskb
3733,Cynthy Laterza,claterzakc
3734,Bryn Brisson,bbrissonkd
3735,Waiter Aslen,waslenke
3736,Tanitansy Codi,tcodikf
3737,Lucinda Hamner,lhamnerkg
3738,Lance Calverley,lcalverleykh
3739,Daniel Vedekhov,dvedekhovki
3740,Jaynell Howitt,jhowittkj
3741,Herminia Noli,hnolikk
3742,Antoine Vawton,avawtonkl
3743,Court Keohane,ckeohanekm
3744,Kerby McPeeters,kmcpeeterskn
3745,Lari Tebbs,ltebbsko
3746,Ilyse Zelland,izellandkp
3747,Orion Mcettrick,omcettrickkq
3748,Adda McLaine,amclainekr
3749,Lorine Etches,letchesks
3750,Adolph Moakes,amoakeskt
3751,Luigi Pickworth,lpickworthku
3752,Nomi Schutte,nschuttekv
3753,Cornall Unwins,cunwinskw
3754,Fergus Wedge,fwedgekx
3755,Sandy Fraschini,sfraschiniky
3756,Huberto Courage,hcouragekz
3757,Basilio Zamboniari,bzamboniaril0
3758,Orsola Phizakarley,ophizakarleyl1
3759,Justin Huxter,jhuxterl2
3760,Lelah O' Neligan,lol3
3761,Sandra Twydell,stwydelll4
3762,Wenda Wark,wwarkl5
3763,Osmund Cartwright,ocartwrightl6
3764,Teodora Bateup,tbateupl7
3765,Sigismundo Dressel,sdressell8
3766,Audra McOrkill,amcorkilll9
3767,Estele Popov,epopovla
3768,Coriss Dollimore,cdollimorelb
3769,Estele Stringman,estringmanlc
3770,Otis Ward,owardld
3771,Vicki Woodruff,vwoodruffle
3772,Alica Baynom,abaynomlf
3773,Adlai Battle,abattlelg
3774,Chanda Morforth,cmorforthlh
3775,Wallie Pieterick,wpieterickli
3776,Kendell Jacqueminet,kjacqueminetlj
3777,See Aizlewood,saizlewoodlk
3778,Stacee De Angelo,sdell
3779,Armand Madison,amadisonlm
3780,Hazel Oliver,holiverln
3781,Minne Chevin,mchevinlo
3782,Imogen Patey,ipateylp
3783,Lenard Skelcher,lskelcherlq
3784,Salvador Kildahl,skildahllr
3785,Etta Ledes,eledesls
3786,Caz Bickersteth,cbickerstethlt
3787,Ailyn Haydock,ahaydocklu
3788,Kass Dunkley,kdunkleylv
3789,Duffy Seakin,dseakinlw
3790,Lewie Corington,lcoringtonlx
3791,Donny Lawtie,dlawtiely
3792,Kamila Volante,kvolantelz
3793,Estel Handley,ehandleym0
3794,Chelsea Franc,cfrancm1
3795,Fred Bouts,
3796,Lyndsie Woolsey,lwoolseym3
3797,Jarid Bernardi,jbernardim4
3798,Annelise Dilgarno,
3799,Flinn Sobtka,fsobtkam6
3800,Byram McMurdo,bmcmurdom7
3801,Chrissie Fountian,cfountianm8
3802,Orella Lalevee,olaleveem9
3803,Wyatan Lethbrig,wlethbrigma
3804,Fina Carragher,fcarraghermb
3805,Wren Heinle,wheinlemc
3806,Esmeralda Cullrford,ecullrfordmd
3807,Mayor Matskiv,mmatskivme
3808,Merilyn Hazelgreave,mhazelgreavemf
3809,Trent Mulcahy,tmulcahymg
3810,Maje Baptist,mbaptistmh
3811,Matthieu Blazdell,mblazdellmi
3812,Baldwin Pepler,bpeplermj
3813,Jeanie Lille,jlillemk
3814,Aguie Warman,awarmanml
3815,Talbert Le Clercq,tlemm
3816,Chanda Flaubert,cflaubertmn
3817,Martie Bearn,mbearnmo
3818,Milissent Amies,mamiesmp
3819,Patten Ellings,pellingsmq
3820,Teirtza Josskovitz,tjosskovitzmr
3821,Carlynne Repp,creppms
3822,Ottilie Daveridge,
3823,Josselyn Alvar,jalvarmu
3824,Suzanna Mays,smaysmv
3825,Leslie Brickwood,lbrickwoodmw
3826,Lesya Dehm,ldehmmx
3827,Abram McGillivrie,amcgillivriemy
3828,Marj Aldcorn,maldcornmz
3829,Karlotta MacDermot,kmacdermotn0
3830,Laryssa Leal,llealn1
3831,Bevon Magne,bmagnen2
3832,Helaina Priter,hpritern3
3833,Anett Sheal,ashealn4
3834,Wylie Kleinlerer,wkleinlerern5
3835,Debbie Kop,dkopn6
3836,Sherwood Macewan,smacewann7
3837,Leland Murray,lmurrayn8
3838,Olag Suttell,osuttelln9
3839,Cherilynn Musso,cmussona
3840,Janek Albany,jalbanynb
3841,Misty Pattington,mpattingtonnc
3842,Nisse Windham,nwindhamnd
3843,Sascha Simenon,ssimenonne
3844,Elana Ballchin,eballchinnf
3845,Charmine Pettendrich,cpettendrichng
3846,Josephina Douse,jdousenh
3847,Alberto Nance,
3848,Corliss Frankish,cfrankishnj
3849,Susi Cadogan,scadogannk
3850,Clarinda Sach,csachnl
3851,Neilla Ludmann,nludmannnm
3852,Chalmers Deal,
3853,Fielding Dimblebee,fdimblebeeno
3854,Therese Van Rembrandt,tvannp
3855,Gates Truckell,gtruckellnq
3856,Moore Willingham,mwillinghamnr
3857,Trever Kingcott,tkingcottns
3858,Hildagarde Morrad,hmorradnt
3859,Jareb Gendrich,jgendrichnu
3860,Aube Flux,afluxnv
3861,Karine Hefford,kheffordnw
3862,Joseito Eastes,jeastesnx
3863,Ellis Martinie,emartinieny
3864,Modesta Whanstall,mwhanstallnz
3865,Conrad Hincham,chinchamo0
3866,Antonino St. Paul,asto1
3867,Bank Deniske,bdeniskeo2
3868,Prisca Tommei,ptommeio3
3869,Melloney Gooke,mgookeo4
3870,Evelin Latchford,elatchfordo5
3871,Leif Passler,lpasslero6
3872,Phoebe Biggen,pbiggeno7
3873,Tait Wallworth,twallwortho8
3874,Dallas Crumbleholme,dcrumbleholmeo9
3875,Aland Pergens,apergensoa
3876,Lucie Pratty,lprattyob
3877,Annabel Fitzsymons,afitzsymonsoc
3878,Jason Deathridge,jdeathridgeod
3879,Herold Costello,hcostellooe
3880,Aurora Petrelli,apetrelliof
3881,Orton Hansbury,ohansburyog
3882,Roscoe Aldwinckle,raldwinckleoh
3883,Trstram Tassaker,ttassakeroi
3884,Saunders Bertolaccini,sbertolaccinioj
3885,Cristie Clery,ccleryok
3886,Karoly Dogg,kdoggol
3887,Alidia Pouck,apouckom
3888,Florie Lombard,flombardon
3889,Brander Peers,bpeersoo
3890,Hansiain Moraleda,hmoraledaop
3891,Reta Marde,rmardeoq
3892,Marie-ann Orritt,morrittor
3893,Mara Raatz,mraatzos
3894,Erminie Weavers,eweaversot
3895,Christalle Quinlan,cquinlanou
3896,Davie Ranby,dranbyov
3897,Sammy Alennikov,salennikovow
3898,Elberta Von Welden,evonox
3899,Talia Turl,tturloy
3900,Bobbie Garatty,bgarattyoz
3901,Gussi Mumbey,gmumbeyp0
3902,Flinn Zotto,fzottop1
3903,Joela Wabersich,jwabersichp2
3904,Ricky Cresswell,rcresswellp3
3905,Annice Clewley,aclewleyp4
3906,Otis Domerque,odomerquep5
3907,Augy Scroxton,ascroxtonp6
3908,Georgiana MacCaughen,gmaccaughenp7
3909,Sheila Cisco,sciscop8
3910,Chadd Jakubovski,cjakubovskip9
3911,Isacco Strotone,istrotonepa
3912,Humfrid Tapin,htapinpb
3913,Wynne Creenan,wcreenanpc
3914,Georgie Suter,gsuterpd
3915,Randee Pietsma,rpietsmape
3916,Thomasina Wetherburn,twetherburnpf
3917,Meggy Colthard,mcolthardpg
3918,Phaedra Sexti,psextiph
3919,Colly Briscam,cbriscampi
3920,Piggy Rollinshaw,prollinshawpj
3921,Emmit Noseworthy,enoseworthypk
3922,Bren Corsor,bcorsorpl
3923,Meredeth Haller,mhallerpm
3924,Callean Wressell,cwressellpn
3925,Meredeth Hollingsbee,mhollingsbeepo
3926,Aindrea Moodie,amoodiepp
3927,Yoshiko Halsey,yhalseypq
3928,Hoyt Janusz,hjanuszpr
3929,Darelle Armatage,darmatageps
3930,Sarena Daber,sdaberpt
3931,Wesley Hiddsley,whiddsleypu
3932,Esther Chessor,echessorpv
3933,Leeann Harby,lharbypw
3934,Buddy Mulqueen,bmulqueenpx
3935,Mart Becken,mbeckenpy
3936,Ivory Cruse,icrusepz
3937,Priscilla Keatley,pkeatleyq0
3938,Bobbe Andrzejak,bandrzejakq1
3939,Adrea Trewhitt,
3940,Sallyanne Mushart,smushartq3
3941,Dani Perotti,dperottiq4
3942,Harmonia Limrick,hlimrickq5
3943,Lovell Dengate,ldengateq6
3944,Price McGrady,pmcgradyq7
3945,Ruperta Sagar,rsagarq8
3946,Sigfrid Burnand,sburnandq9
3947,Lorna McGowran,lmcgowranqa
3948,Barnabe Debill,bdebillqb
3949,Kirbie Gebhardt,kgebhardtqc
3950,Ibby Moulden,imouldenqd
3951,Luciano Ramberg,lrambergqe
3952,Nadia Rodrigues,nrodriguesqf
3953,Pen McCrory,pmccroryqg
3954,Lynette Peet,lpeetqh
3955,Roderich Bruckman,rbruckmanqi
3956,Matty Ricciardo,mricciardoqj
3957,Brewster De Dantesie,bdeqk
3958,Katrinka Blagdon,
3959,Vinson Cuss,vcussqm
3960,Tandie Heninghem,theninghemqn
3961,Tallie Hiskey,thiskeyqo
3962,Cello Klosterman,cklostermanqp
3963,Garreth Marlin,gmarlinqq
3964,Even Bockmaster,ebockmasterqr
3965,Mersey Devereux,mdevereuxqs
3966,Lyman Headly,lheadlyqt
3967,Merv Alfonso,malfonsoqu
3968,Mervin Abraham,mabrahamqv
3969,Ethyl Seven,esevenqw
3970,Rubi Baybutt,rbaybuttqx
3971,Cornelia Roblin,croblinqy
3972,Rina Streatfield,rstreatfieldqz
3973,Mohammed Hardington,
3974,Madalyn Denerley,mdenerleyr1
3975,Johny Simonelli,jsimonellir2
3976,Vance Loughran,vloughranr3
3977,Melosa Gagan,mgaganr4
3978,Donn Ingles,dinglesr5
3979,Othella Jancso,ojancsor6
3980,Imelda Ritchley,iritchleyr7
3981,Hal Bercevelo,hbercevelor8
3982,Shaine Tesh,steshr9
3983,Illa Brighouse,
3984,Sylvester Welden,sweldenrb
3985,Julius Gianneschi,jgianneschirc
3986,Vitia Chmiel,vchmielrd
3987,Mareah Assante,
3988,Deeanne Sneaker,dsneakerrf
3989,Tana Filtness,tfiltnessrg
3990,Paddie Stanier,pstanierrh
3991,Mychal Berriball,mberriballri
3992,Lia Giffen,lgiffenrj
3993,Adelaida Anelay,aanelayrk
3994,Devonne Goult,dgoultrl
3995,Payton Yardley,pyardleyrm
3996,Humberto Coom,hcoomrn
3997,Aleksandr Lottrington,alottringtonro
3998,Rancell Tandy,rtandyrp
3999,Tanya Domelaw,tdomelawrq
4000,Fleur Mandeville,fmandevillerr
