player_id,player_name,player_tag
1,Allis Taberner,ataberner0
2,Hetti Ewdale,hewdale1
3,Kellby Dumphy,kdumphy2
4,Trudey Sanja,tsanja3
5,Ricky Scala,rscala4
6,Arel Normaville,anormaville5
7,Roanne Truin,rtruin6
8,Basia Burchett,bburchett7
9,Ewart Levee,elevee8
10,Dore Anscombe,danscombe9
11,Marcus Behnke,mbehnkea
12,Arri De Minico,adeb
13,Elyse Thorns,ethornsc
14,Jerad Yearnes,jyearnesd
15,Jennifer Grealish,jgrealishe
16,Rolph Lindemann,rlindemannf
17,Terza Dureden,tduredeng
18,Balduin MacTague,bmactagueh
19,Lucia Sola,lsolai
20,Syman Egginson,segginsonj
21,Stevana Scothorn,
22,Amalita Hoodspeth,ahoodspethl
23,Dulcinea Lorraine,dlorrainem
24,Colby Josselsohn,cjosselsohnn
25,Portia Grugerr,pgrugerro
26,Janean Hixley,jhixleyp
27,Ramsey Hewkin,rhewkinq
28,Max Gollard,
29,Flossie Nurdin,fnurdins
30,Elsworth Pattingson,
31,Berta Streetley,bstreetleyu
32,Guillaume Heddon,gheddonv
33,Hermann Heelis,hheelisw
34,Susette Tierney,stierneyx
35,Cordey Ballard,cballardy
36,Kurtis Esherwood,kesherwoodz
37,Tanner Bosma,tbosma10
38,Barnie Cawt,bcawt11
39,Myrtia Roseby,mroseby12
40,Dulcea Husband,
41,Sascha Fairlamb,sfairlamb14
42,Gray Rennels,grennels15
43,Chick Maseyk,
44,Beatrix Boshier,bboshier17
45,Hugo Pelchat,hpelchat18
46,Jasun Grellier,jgrellier19
47,Tandy Heindrick,theindrick1a
48,Emeline Abbiss,eabbiss1b
49,Erinn Wilcott,ewilcott1c
50,Hamil Purnell,hpurnell1d
51,Hadleigh Ollenbuttel,hollenbuttel1e
52,Ric Beadles,rbeadles1f
53,Hyacinthe Gloves,hgloves1g
54,Charisse Thorsen,cthorsen1h
55,Sasha Spoward,sspoward1i
56,Kimberley Von Welldun,
57,Genvieve Shearstone,gshearstone1k
58,Vale Manger,vmanger1l
59,Cosme Cholmondeley,ccholmondeley1m
60,Kasper Milvarnie,kmilvarnie1n
61,Gene Earry,gearry1o
62,Sheppard Belsham,sbelsham1p
63,Franny Wyley,fwyley1q
64,Ave Osmar,aosmar1r
65,Frederique Pady,fpady1s
66,Timothea Coulthart,tcoulthart1t
67,Adena Clardge,aclardge1u
68,Man Lared,mlared1v
69,Gunilla Fante,gfante1w
70,Audrye Vallance,avallance1x
71,Kristel Scholl,kscholl1y
72,Arabela Neilan,aneilan1z
73,Sarena Dulany,sdulany20
74,Mellisent Neathway,mneathway21
75,Ric Gascoine,rgascoine22
76,Jephthah Goering,jgoering23
77,Dedie Goode,dgoode24
78,Fredra Carress,
79,Delora Leedal,dleedal26
80,Reta Abrahamsen,rabrahamsen27
81,Taylor Luddy,tluddy28
82,Kacey Di Francesco,kdi29
83,Mortie Hassard,mhassard2a
84,Elaina Codi,ecodi2b
85,Tim Quarles,tquarles2c
86,Bancroft MacCafferky,bmaccafferky2d
87,Moshe Toner,mtoner2e
88,Claribel Emlen,cemlen2f
89,Reube Prazor,rprazor2g
90,Blakeley Cherry,bcherry2h
91,My Scrane,mscrane2i
92,Deina Benedetti,dbenedetti2j
93,Nahum Tedstone,ntedstone2k
94,Joane Whillock,jwhillock2l
95,Aloysia Twelftree,atwelftree2m
96,Myra Hannaford,mhannaford2n
97,Timothy Cordner,tcordner2o
98,Silvan Pasby,spasby2p
99,Clementia McNab,cmcnab2q
100,Kurtis Bernardet,kbernardet2r
101,Giustina Durtnall,gdurtnall2s
102,Micheil Shobbrook,mshobbrook2t
103,Fonsie Maloney,fmaloney2u
104,Merrel Wipfler,mwipfler2v
105,Claudio Lovejoy,clovejoy2w
106,Evy Bosanko,ebosanko2x
107,Kamilah Skyram,
108,Briana Kingsmill,bkingsmill2z
109,Danell Aspital,daspital30
110,Leonidas Kitchener,lkitchener31
111,Brittne Domnin,bdomnin32
112,Binky Andreassen,bandreassen33
113,Vevay Kime,vkime34
114,Paloma Cremen,pcremen35
115,Layla Iozefovich,liozefovich36
116,Diane McGlue,dmcglue37
117,Bertine Ilewicz,
118,Arther Defond,adefond39
119,Anthony Taylerson,ataylerson3a
120,Matty Szymanowski,mszymanowski3b
121,Cymbre Phillis,cphillis3c
122,Joby Press,jpress3d
123,Domeniga Whitters,dwhitters3e
124,Crin Cristofanini,ccristofanini3f
125,Ailsun Dwelly,adwelly3g
126,Deeanne Garham,dgarham3h
127,Hayley Simner,hsimner3i
128,Aurthur Fidgin,afidgin3j
129,Tybi Olenchenko,tolenchenko3k
130,Andris Showering,
131,Rory Milberry,rmilberry3m
132,Uri Negal,unegal3n
133,Selby Shoulders,sshoulders3o
134,Madeleine Mundee,mmundee3p
135,Charmion Howat,chowat3q
136,Letitia Yarnall,
137,Mitch Adcock,madcock3s
138,Genevieve Instrell,ginstrell3t
139,Rozele Masham,rmasham3u
140,Britta Surgey,bsurgey3v
141,Sayre MacGorrie,smacgorrie3w
142,Sonnie Andrioli,sandrioli3x
143,Leonidas Yitzovitz,lyitzovitz3y
144,Poul Dike,pdike3z
145,Frankie Belsham,fbelsham40
146,Elinor Garley,egarley41
147,Burk Scowcroft,bscowcroft42
148,Durand Stapylton,dstapylton43
149,Tania Duncan,tduncan44
150,Kelley Gerardin,kgerardin45
151,Celie Vyse,
152,Cosme Crossan,ccrossan47
153,Betta Blofeld,bblofeld48
154,Roz Turney,rturney49
155,Gabbey Hall,ghall4a
156,Giovanni Pawden,
157,Leia Rathborne,lrathborne4c
158,Bonnibelle Barroux,bbarroux4d
159,Jobyna Bartoszinski,jbartoszinski4e
160,Levy Reisin,lreisin4f
161,Debera Madgin,dmadgin4g
162,Enriqueta Bendall,
163,Tadeas Salvage,tsalvage4i
164,Ashton Matura,
165,Jillane Algore,jalgore4k
166,Clerkclaude Assad,cassad4l
167,Mordecai Stolberger,mstolberger4m
168,Trixi Senyard,tsenyard4n
169,Tiphanie Morstatt,tmorstatt4o
170,Stavros Debill,sdebill4p
171,Arie Matteucci,
172,Dar Coushe,dcoushe4r
173,Tonya Northleigh,tnorthleigh4s
174,Colleen Cassley,ccassley4t
175,Kay Guyonnet,kguyonnet4u
176,Maurizio Pavlasek,mpavlasek4v
177,August Althorpe,aalthorpe4w
178,Lindy Prozillo,lprozillo4x
179,Fran Whorall,fwhorall4y
180,Jacquie Murkus,jmurkus4z
181,Faith Collman,fcollman50
182,Umberto Keast,ukeast51
183,Olva Carle,ocarle52
184,Artus Grishukov,agrishukov53
185,Justen Gniewosz,jgniewosz54
186,Betti Atto,
187,Cordy Derington,cderington56
188,Yule Aberdein,yaberdein57
189,Norri Emma,nemma58
190,Leroi Langsdon,llangsdon59
191,Kay Burgoyne,kburgoyne5a
192,Arther Keast,akeast5b
193,Rab Timeby,rtimeby5c
194,Ddene Calton,dcalton5d
195,Carmine Crudge,ccrudge5e
196,Philis Bozier,pbozier5f
197,Archie Chattock,achattock5g
198,Devin Zum Felde,dzum5h
199,Carmelita Eastwell,ceastwell5i
200,Franchot Large,flarge5j
201,Neda Choules,nchoules5k
202,Averyl Milnthorpe,amilnthorpe5l
203,Matelda Driuzzi,mdriuzzi5m
204,Howie Beaglehole,hbeaglehole5n
205,Alfred Calf,acalf5o
206,Caddric Beddie,
207,Robinet Kobus,rkobus5q
208,Amble Cowdery,acowdery5r
209,Brittne Huntington,bhuntington5s
210,Gabriel MacTrustey,gmactrustey5t
211,Delora Castiello,dcastiello5u
212,Amble Biddwell,abiddwell5v
213,Jaquelyn Bowering,jbowering5w
214,Rowan Elijahu,relijahu5x
215,Sholom Alessandrucci,salessandrucci5y
216,Alphonse Craythorn,
217,Pattin Kave,pkave60
218,Pier Russ,pruss61
219,Timoteo Arendsen,tarendsen62
220,Biddie Spencer,bspencer63
221,Florry Filipyev,ffilipyev64
222,Merwyn Hussey,mhussey65
223,Hedda McKinnon,hmckinnon66
224,Nollie Piddlesden,npiddlesden67
225,Anselma Cornil,acornil68
226,Christoper Chawner,cchawner69
227,Eugen Pietruszewicz,epietruszewicz6a
228,Johnnie Harsent,jharsent6b
229,Nowell Backes,nbackes6c
230,Lennie Geaney,lgeaney6d
231,Elisha Fernely,efernely6e
232,Meredith Fery,
233,Norman Blaschek,nblaschek6g
234,Olva Cady,ocady6h
235,Meryl Isoldi,misoldi6i
236,Aurea Harg,aharg6j
237,Daryn Couve,dcouve6k
238,Willamina Helbeck,whelbeck6l
239,Trey Ratcliff,tratcliff6m
240,Orran Jorcke,ojorcke6n
241,Katti Latimer,klatimer6o
242,Sande Chatan,schatan6p
243,Erich Surridge,esurridge6q
244,Alfreda Norrie,anorrie6r
245,Annabella Spenclay,aspenclay6s
246,Cherianne Folshom,cfolshom6t
247,Ryun Esser,resser6u
248,Myles Paige,mpaige6v
249,Dixie Endecott,dendecott6w
250,Bogart Brastead,bbrastead6x
251,Adel Juan,ajuan6y
252,Wait Trobey,wtrobey6z
253,Shaughn Baseke,sbaseke70
254,Reinhold Hadfield,rhadfield71
255,Simmonds Clingoe,sclingoe72
256,Friedrick Bett,fbett73
257,Clarissa Basile,cbasile74
258,Abel Nazair,anazair75
259,Jacintha Schoffler,jschoffler76
260,Briano Wasielewicz,bwasielewicz77
261,Rhiamon Etteridge,retteridge78
262,Katya Wolfe,
263,Melly Lohoar,mlohoar7a
264,Rene Omrod,romrod7b
265,Reinold Arrighetti,rarrighetti7c
266,Gibb Fosdyke,gfosdyke7d
267,Webb Ivory,wivory7e
268,Javier Enriques,jenriques7f
269,Chlo Mateiko,cmateiko7g
270,Lorne Kleehuhler,lkleehuhler7h
271,Trev Rosettini,trosettini7i
272,Don Sparke,dsparke7j
273,Titus Shmyr,tshmyr7k
274,Damita Sleit,dsleit7l
275,Manon Paye,mpaye7m
276,Egan Conkey,econkey7n
277,Jo Meggison,jmeggison7o
278,Ailis Groucutt,agroucutt7p
279,Sigmund Dowbakin,sdowbakin7q
280,Rafaellle Sherwell,rsherwell7r
281,Kim Willment,kwillment7s
282,Dorry Ommundsen,dommundsen7t
283,Stafford Wabey,swabey7u
284,Osbert Siderfin,osiderfin7v
285,Myranda Petheridge,mpetheridge7w
286,Field Isoldi,fisoldi7x
287,Van Howard - Gater,vhoward7y
288,Lalo Shorthill,lshorthill7z
289,Angelo Gouldthorpe,agouldthorpe80
290,Johnette Bending,jbending81
291,Lorin Olivello,
292,Neel Bartolomeotti,nbartolomeotti83
293,Bess Carbry,bcarbry84
294,Lombard Hablet,lhablet85
295,Keven Kachel,kkachel86
296,Rem Sudell,rsudell87
297,Gisella Hancell,ghancell88
298,Suki Zupo,szupo89
299,Melinda Vaneev,mvaneev8a
300,Helene Ribbon,hribbon8b
301,Hazel Fawcus,hfawcus8c
302,Becca Gaddie,bgaddie8d
303,Lorens Coxall,lcoxall8e
304,Gayel Tie,gtie8f
305,Ebenezer O'Kane,eokane8g
306,Tiffani Lehrian,tlehrian8h
307,Dermot Joul,djoul8i
308,Valentijn Urquhart,vurquhart8j
309,Kailey Mattaser,kmattaser8k
310,Cheslie Thody,cthody8l
311,Kakalina Lindeman,klindeman8m
312,Gale Odgers,godgers8n
313,Alexandr Purser,apurser8o
314,Naoma Penke,npenke8p
315,Papagena OIlier,poilier8q
316,Dene Potzold,dpotzold8r
317,Pincus Grahl,pgrahl8s
318,Gwenny Longcaster,glongcaster8t
319,Barrie Flintoft,bflintoft8u
320,Chery Morsom,cmorsom8v
321,Shoshana Sandell,ssandell8w
322,Tommie Rudgerd,trudgerd8x
323,Skylar Tortice,stortice8y
324,Sonja Strooband,sstrooband8z
325,Clari Guare,cguare90
326,Mariquilla Ellacombe,mellacombe91
327,Ardenia Swindlehurst,aswindlehurst92
328,Caitlin Varcoe,cvarcoe93
329,Jamil Schirach,jschirach94
330,Stevy Rudham,srudham95
331,Marcelia Lune,mlune96
332,Joelle Reck,jreck97
333,Jamal Kharchinski,jkharchinski98
334,Teodoro Sullly,tsullly99
335,Barbabra McMurrugh,bmcmurrugh9a
336,Sandra Godsil,sgodsil9b
337,Vinny Ashborne,vashborne9c
338,Germana Steljes,gsteljes9d
339,Cheslie Fraulo,cfraulo9e
340,Melisa Scrowby,
341,Marcelia Dowty,mdowty9g
342,Uriah McKim,umckim9h
343,Farlie Boord,
344,Melisandra Folley,mfolley9j
345,Brandais Janca,bjanca9k
346,Aubree Lucy,alucy9l
347,Veronika Sparkwill,vsparkwill9m
348,Beale de Villier,bde9n
349,Kristoforo Brodbin,kbrodbin9o
350,Alvan Giocannoni,agiocannoni9p
351,Ardeen Brannigan,abrannigan9q
352,Bettina Hardaway,bhardaway9r
353,Lombard McGragh,lmcgragh9s
354,Barrie Pratt,bpratt9t
355,Brandtr Antos,bantos9u
356,Doretta Milazzo,dmilazzo9v
357,Dorree Eubank,deubank9w
358,Courtnay Yakobovicz,
359,Averyl Gimlet,
360,Consuelo Gilkison,cgilkison9z
361,Darline Sends,dsendsa0
362,Rickard Lumby,rlumbya1
363,Dillie O'Corren,docorrena2
364,Maurise Dudbridge,mdudbridgea3
365,Alyce Monro,amonroa4
366,Duncan Tregiddo,dtregiddoa5
367,Way Fidoe,wfidoea6
368,Mart Le Claire,mlea7
369,Corey Lawty,clawtya8
370,Joey Treadger,jtreadgera9
371,Cloe Storey,cstoreyaa
372,Shawna Fairfoul,sfairfoulab
373,Stafford Mettricke,smettrickeac
374,Druci Hulburd,dhulburdad
375,Sabra Casey,scaseyae
376,Ida Eastway,ieastwayaf
377,Demott Dowers,ddowersag
378,Johnnie Laville,jlavilleah
379,Mina Forrestall,mforrestallai
380,Cordy Pratten,cprattenaj
381,Herold Margaret,hmargaretak
382,Pablo Pilgram,ppilgramal
383,Othilia Starbeck,ostarbeckam
384,Anastasie Obern,
385,Che Swatten,cswattenao
386,Adelaide Natt,anattap
387,Martelle Cabane,mcabaneaq
388,Gaspar Demead,gdemeadar
389,Isak Holbarrow,iholbarrowas
390,Margaretta Kitcher,mkitcherat
391,Brander Pogson,bpogsonau
392,Lorraine Carvell,lcarvellav
393,Ferd Keilty,fkeiltyaw
394,Ceil Sterndale,csterndaleax
395,Eleanor Cesaric,
396,Natalie Pedrocco,npedroccoaz
397,Alon Beynke,abeynkeb0
398,Valentina Mion,vmionb1
399,Christophorus Perkis,cperkisb2
400,Zora Atlee,zatleeb3
401,Stevie Ceely,sceelyb4
402,Mic Counsell,mcounsellb5
403,Creight Edser,cedserb6
404,Jerome Creasy,jcreasyb7
405,Cherise Challinor,cchallinorb8
406,Lanie Volette,lvoletteb9
407,Grace Armin,
408,Merill Klossmann,mklossmannbb
409,Waldo Wyllcocks,wwyllcocksbc
410,Sonni O'Sheilds,
411,Rivalee Ludgate,rludgatebe
412,Rochell Botterell,rbotterellbf
413,Raddie Piscotti,rpiscottibg
414,Karlotte Pymar,kpymarbh
415,Fabiano Bernier,fbernierbi
416,Chrissie Inde,cindebj
417,Merry Farnish,mfarnishbk
418,Gar Signore,gsignorebl
419,Hilton Menchenton,hmenchentonbm
420,Shanda Gallally,sgallallybn
421,Maryrose Wardhough,mwardhoughbo
422,Yelena Dymott,ydymottbp
423,Clerissa Areles,carelesbq
424,Oralie De Zamudio,
425,Jule Echallie,jechalliebs
426,Herbert Gerhold,hgerholdbt
427,Jenda Cogdon,jcogdonbu
428,Helen-elizabeth Bodsworth,hbodsworthbv
429,Babita Cranefield,bcranefieldbw
430,Adler Barnewelle,abarnewellebx
431,Orelee Oxenham,ooxenhamby
432,Darline Puddicombe,dpuddicombebz
433,Gearalt Beeson,gbeesonc0
434,Celia Van der Beken,cvanc1
435,Tailor Lesurf,tlesurfc2
436,Winifred Genner,wgennerc3
437,Annelise Menilove,amenilovec4
438,Melisenda Di Filippo,mdic5
439,Tiena Sonner,tsonnerc6
440,Giacobo Monnery,gmonneryc7
441,Cooper Davidow,
442,Walton Cornejo,wcornejoc9
443,Penni Hayden,phaydenca
444,Wang Dillinger,wdillingercb
445,Filmer MacKay,fmackaycc
446,Aile Rayson,araysoncd
447,Igor Godard,igodardce
448,Dennie Braunston,
449,Alexio Lamming,alammingcg
450,Helaina Thorowgood,hthorowgoodch
451,Kissie Fanning,kfanningci
452,Shepherd Bunkle,sbunklecj
453,Hedwiga Nuccii,hnucciick
454,Jakie Mattityahou,jmattityahoucl
455,Maryrose Getch,mgetchcm
456,Rennie Hatchard,rhatchardcn
457,Shelby Venditti,svendittico
458,Shalne Pennrington,spennringtoncp
459,Linc Capstack,lcapstackcq
460,Rickie Edelheid,redelheidcr
461,Krissie Tott,ktottcs
462,Christalle Tufts,ctuftsct
463,Buddie Lovel,blovelcu
464,Jarrad Reiglar,jreiglarcv
465,Rosco Phythean,rphytheancw
466,Lida Byrkmyr,lbyrkmyrcx
467,Iolanthe Carlin,icarlincy
468,Celia Kindread,ckindreadcz
469,Franzen Bohlsen,fbohlsend0
470,Ringo Ricard,rricardd1
471,Lesya Mitrovic,lmitrovicd2
472,Darcy Chadburn,dchadburnd3
473,Roxine Soldner,rsoldnerd4
474,Ellen Levis,elevisd5
475,Ingmar Mansbridge,imansbridged6
476,Carlynne McDougal,cmcdougald7
477,Kit Judd,kjuddd8
478,Gusta Jonson,gjonsond9
479,Prue Birk,pbirkda
480,Dorelle Meegin,
481,Raffarty Licciardello,rlicciardellodc
482,Clem Jullian,cjulliandd
483,Carola Wolverson,cwolversonde
484,Desiri Van Arsdalen,dvandf
485,Conny Kell,ckelldg
486,Mahalia Kinney,mkinneydh
487,Shirlene Sprigin,ssprigindi
488,Roch Harlick,rharlickdj
489,Audie Ovens,aovensdk
490,Timi Noseworthy,tnoseworthydl
491,Odilia Woolf,owoolfdm
492,Anne-corinne Blann,ablanndn
493,Zerk Verecker,zvereckerdo
494,Fanchette Penke,fpenkedp
495,Emmeline Luker,elukerdq
496,Hurleigh Beldom,hbeldomdr
497,Daniel MacPaike,dmacpaikeds
498,Lombard Ronayne,lronaynedt
499,Arlie Ghelerdini,aghelerdinidu
500,Ofelia St Quenin,ostdv
501,Chrystal Wakenshaw,cwakenshawdw
502,Ana Huyton,
503,Gage Drysdale,gdrysdaledy
504,Nicky Keyse,nkeysedz
505,Leese Limbourne,llimbournee0
506,Claudetta covino,ccovinoe1
507,Reggie Shillington,rshillingtone2
508,Diena Jeandot,djeandote3
509,Alonso Crix,acrixe4
510,Kara Macguire,kmacguiree5
511,Melva Walas,mwalase6
512,Lissi Burburough,lburburoughe7
513,Alard Barchrameev,abarchrameeve8
514,Torrie Richarz,tricharze9
515,Vidovik Tomkiss,vtomkissea
516,Charin Mordey,cmordeyeb
517,Paloma Farish,pfarishec
518,Justinian Obray,jobrayed
519,Melantha Holsall,mholsallee
520,Beatrice Reightley,breightleyef
521,Meara Simonin,msimonineg
522,Morris Drewell,mdrewelleh
523,Karissa Martell,kmartellei
524,Theodosia Chevalier,tchevalierej
525,Mattie Gimbart,mgimbartek
526,Benyamin Lilleman,blillemanel
527,Othello Finder,ofinderem
528,Felecia Leys,fleysen
529,Barbaraanne Suffield,bsuffieldeo
530,Jermayne Bilovus,jbilovusep
531,Moyna Baukham,mbaukhameq
532,Steffie Child,schilder
533,Skipper Dodamead,sdodameades
534,Donnajean Tutton,dtuttonet
535,Rowen Courtman,rcourtmaneu
536,Burnaby Decaze,bdecazeev
537,Danella Altimas,daltimasew
538,Bonnie O'Fogerty,bofogertyex
539,Cazzie Tomlett,ctomlettey
540,Thorn Jansson,tjanssonez
541,Al Melville,amelvillef0
542,Emile Shopcott,eshopcottf1
543,Janela Askie,
544,Malorie Benninck,mbenninckf3
545,Iago Cowope,icowopef4
546,Val Clewarth,vclewarthf5
547,Jeanie Klimes,jklimesf6
548,Maiga Gorry,
549,Donetta Penniell,dpenniellf8
550,Tom Wand,twandf9
551,Far Horley,fhorleyfa
552,Barbee Shardlow,bshardlowfb
553,Amelia Vila,avilafc
554,Traver Brickstock,tbrickstockfd
555,Gerda Adamo,gadamofe
556,Amie Brisson,abrissonff
557,Giulietta Oldcroft,goldcroftfg
558,Sonny Gall,sgallfh
559,Athene Paull,
560,Corella Prydie,cprydiefj
561,Janette Barden,jbardenfk
562,Shelbi Grundon,sgrundonfl
563,Oren Highton,ohightonfm
564,Luisa Goacher,lgoacherfn
565,Kerrin Aleveque,kalevequefo
566,Araldo Tremberth,atremberthfp
567,Tomas Attyeo,tattyeofq
568,Sybila Rehme,
569,Gilligan Erswell,gerswellfs
570,Udall Thorold,
571,Guglielmo Hindsberg,ghindsbergfu
572,Arel Ozanne,aozannefv
573,Feodora McClaren,fmcclarenfw
574,Pacorro Davydoch,pdavydochfx
575,Jonell Hanney,jhanneyfy
576,Aurea Semple,asemplefz
577,Nicky Antonelli,nantonellig0
578,Adriana Bonnavant,abonnavantg1
579,Ailsun Ritch,aritchg2
580,Alwyn Ingle,aingleg3
581,Dougie Scotting,dscottingg4
582,Richard Galiford,rgalifordg5
583,Seward Cheyenne,scheyenneg6
584,Aluino Bassom,abassomg7
585,Vivie Castan,vcastang8
586,Wiatt Porteous,wporteousg9
587,Bran Moreing,bmoreingga
588,Georgianne Nolli,gnolligb
589,Bertine Spawforth,bspawforthgc
590,Angelle de Chastelain,adegd
591,Fredrika Cabell,fcabellge
592,Vinny Putton,vputtongf
593,Manda Devonside,
594,Collen Reimer,creimergh
595,Kerwin Opdenort,kopdenortgi
596,Tiffy Crippin,tcrippingj
597,Merrilee Rudd,mruddgk
598,Lorilee Paradis,lparadisgl
599,Dunn Handrek,dhandrekgm
600,Madalyn Lindner,mlindnergn
601,Michele Stump,mstumpgo
602,Adrea Vedntyev,avedntyevgp
603,Remy Coggings,rcoggingsgq
604,Eustace Tames,etamesgr
605,Seana Caccavari,scaccavarigs
606,Lissa Haglington,lhaglingtongt
607,Muffin Hext,mhextgu
608,Marris Jackett,mjackettgv
609,Alard Rosten,arostengw
610,Chelsea Filipovic,
611,Raul Minogue,rminoguegy
612,Georg Reiglar,greiglargz
613,Corliss Cacacie,ccacacieh0
614,Gerti Muspratt,gmuspratth1
615,Sanson Durning,sdurningh2
616,Lily Missen,lmissenh3
617,Tersina Snodin,tsnodinh4
618,Alan Stirman,astirmanh5
619,Reinhold Schustl,rschustlh6
620,Obediah Mathe,omatheh7
621,Baird Fiveash,bfiveashh8
622,Dannye Warricker,dwarrickerh9
623,Roldan Satterlee,rsatterleeha
624,Tish MacPaden,tmacpadenhb
625,Chickie Mechan,cmechanhc
626,Chrissy Wildman,cwildmanhd
627,Megan Fountian,mfountianhe
628,Nolly Ahrend,nahrendhf
629,Thomasa Densie,tdensiehg
630,Tiena Shwalbe,tshwalbehh
631,Enrichetta Goundrill,egoundrillhi
632,Rhea Boichat,
633,Rozalin Jedrzejczak,rjedrzejczakhk
634,Derry Baumann,dbaumannhl
635,Frederica Scole,fscolehm
636,Danyette Jinkinson,djinkinsonhn
637,Conan Goodship,cgoodshipho
638,Maurizia Scrace,mscracehp
639,Claudia Jaxon,cjaxonhq
640,Lane Ewbach,lewbachhr
641,Shayla Else,selsehs
642,Domenico Tideswell,dtideswellht
643,Cassy Filchagin,cfilchaginhu
644,Debby Van der Kruijs,dvanhv
645,Ardenia Leaton,aleatonhw
646,Nelson Sandercock,nsandercockhx
647,Fred Dalbey,fdalbeyhy
648,Ninetta Grenter,ngrenterhz
649,Inessa Tithacott,itithacotti0
650,Mohandis De Rechter,mdei1
651,Alfy Derle,
652,Abagael Romaine,aromainei3
653,Liza Kilfedder,lkilfedderi4
654,Kaine Tchaikovsky,ktchaikovskyi5
655,Emanuele Liddy,
656,Cob Tanguy,ctanguyi7
657,Jacquelin Gabb,jgabbi8
658,Porter Baelde,pbaeldei9
659,Perle Fozzard,pfozzardia
660,Daven Mathys,dmathysib
661,Hildegarde Kerby,hkerbyic
662,Ferne Reuble,freubleid
663,Hurley Yitzhok,hyitzhokie
664,Dewitt Prozillo,dprozilloif
665,Jaime Currer,jcurrerig
666,Matthiew Amberson,mambersonih
667,Bentlee Duckitt,bduckittii
668,Marina Edmead,
669,Elvis Collingwood,ecollingwoodik
670,Kingsley MacCaughan,kmaccaughanil
671,Felice Whellans,fwhellansim
672,Gracie Bernardotti,gbernardottiin
673,Nicol Celiz,ncelizio
674,Avrit Cosgrave,acosgraveip
675,Catlin Wynne,
676,Paulita Darter,pdarterir
677,Sansone Pilkinton,spilkintonis
678,Dari Brothwood,
679,Barrie Etherton,bethertoniu
680,Flossie Catmull,fcatmulliv
681,Pincas Boyne,pboyneiw
682,Ally Harling,aharlingix
683,Daile Longland,dlonglandiy
684,Aili Hakeworth,
685,Korie McKirdy,kmckirdyj0
686,Marilin Madgwick,mmadgwickj1
687,Dasi Schlag,dschlagj2
688,Rebeca Blinman,rblinmanj3
689,Anissa Baldery,abalderyj4
690,Cesaro Liles,clilesj5
691,Alameda Aguilar,aaguilarj6
692,Georges Yve,gyvej7
693,Nettle Gerckens,ngerckensj8
694,Jennette Christofides,jchristofidesj9
695,Felicle de Voiels,fdeja
696,Levey Kilshall,lkilshalljb
697,Aharon Davydoch,adavydochjc
698,Lita Meeny,lmeenyjd
699,Barris Manchester,bmanchesterje
700,Dreddy Threadgill,dthreadgilljf
701,Humfried MacBey,hmacbeyjg
702,Yves Betteson,ybettesonjh
703,Klemens Loveguard,kloveguardji
704,Cesya Wilsdon,cwilsdonjj
705,Franciskus Ilyinski,filyinskijk
706,Alejandro Commuzzo,acommuzzojl
707,Saxe Mohun,smohunjm
708,Noelani Yegorkin,nyegorkinjn
709,Colver Quinet,cquinetjo
710,Tan Wilcockes,twilcockesjp
711,Elspeth Dowgill,edowgilljq
712,Eldon Duigenan,
713,Cally Steketee,csteketeejs
714,Orton Franklin,ofranklinjt
715,Laurence Mosconi,
716,Warden Readmire,wreadmirejv
717,Gwendolin Kennelly,gkennellyjw
718,Fabe Brownhill,fbrownhilljx
719,Dolph Eynon,deynonjy
720,Colver Geraldez,
721,Zondra Varndall,
722,Claudell Joe,cjoek1
723,Brett Dahmke,
724,Lise Matczak,lmatczakk3
725,Ainslee Skillett,askillettk4
726,Bryna Pelling,bpellingk5
727,Osborne Claesens,oclaesensk6
728,Idalia Umpleby,iumplebyk7
729,Blinny Bassick,bbassickk8
730,Juan Winder,jwinderk9
731,Lorenza Marages,lmarageska
732,Bartlett Kingswood,bkingswoodkb
733,Colby Squibb,csquibbkc
734,Berkie Moorerud,bmoorerudkd
735,Ezmeralda Bernardotte,ebernardotteke
736,Paola Ollerearnshaw,pollerearnshawkf
737,Lorenzo Chaffer,
738,Annetta Breckenridge,abreckenridgekh
739,Marris Smart,msmartki
740,Nellie Coger,ncogerkj
741,Layney Giannassi,lgiannassikk
742,Orlando Ivashkov,oivashkovkl
743,Waring Mainson,wmainsonkm
744,Dottie Heinel,dheinelkn
745,Briano Scoyne,bscoyneko
746,Simon Whytock,swhytockkp
747,Laurette McGeouch,lmcgeouchkq
748,Bennie Emons,bemonskr
749,Karleen Chastey,kchasteyks
750,Livvie Leakner,lleaknerkt
751,Mariya Ranklin,mranklinku
752,Teddie Dewicke,tdewickekv
753,Otto Gauvain,ogauvainkw
754,Steffane Carwithan,scarwithankx
755,Mil Beuscher,mbeuscherky
756,Merilyn Mickleburgh,mmickleburghkz
757,Marius Linneman,
758,Tamqrah Totterdill,ttotterdilll1
759,Natasha Render,nrenderl2
760,Cari Hick,chickl3
761,Daveen Airdrie,dairdriel4
762,Cosme Newcom,cnewcoml5
763,Gerrilee Plumbe,gplumbel6
764,Rhetta Tinman,rtinmanl7
765,Randi Siviour,rsiviourl8
766,Sawyere Kobpal,skobpall9
767,Niall Tessington,ntessingtonla
768,Dedra O'Cullen,docullenlb
769,Marcelline Heart,mheartlc
770,Husein Troker,htrokerld
771,Andres Skitral,askitralle
772,Lea Dudek,ldudeklf
773,Tammara Farryn,tfarrynlg
774,Fionna Ainsbury,fainsburylh
775,Noby Rheubottom,nrheubottomli
776,Glad Birrel,gbirrellj
777,Diahann Dudill,
778,Anallese Dyter,adyterll
779,Lizzy Beig,lbeiglm
780,Walt Leah,
781,Zared Maskelyne,zmaskelynelo
782,Olympie Duffie,oduffielp
783,Cyndie Rohmer,crohmerlq
784,Solomon Yglesia,syglesialr
785,Rosana Tather,rtatherls
786,Ardis Ambridge,aambridgelt
787,Cole Style,cstylelu
788,Simone Yorke,syorkelv
789,Sly McElhinney,smcelhinneylw
790,Hercule Bonney,hbonneylx
791,Jaine Wreakes,jwreakesly
792,York Orpwood,yorpwoodlz
793,Khalil Mitie,kmitiem0
794,Klemens Mourant,kmourantm1
795,Mathilda Halsall,mhalsallm2
796,Keelby Yeskin,kyeskinm3
797,Marcelo Swanson,mswansonm4
798,Salvatore Robertson,srobertsonm5
799,Dugald Merton,dmertonm6
800,Norma Reskelly,nreskellym7
801,Clementina Ekell,cekellm8
802,Dotti Burnel,dburnelm9
803,Greta Allsepp,gallseppma
804,Urson Dinsale,udinsalemb
805,Emalee Clayworth,eclayworthmc
806,Robby Swatridge,rswatridgemd
807,Robinetta Sandwich,rsandwichme
808,Angeline Duham,
809,Carmela Brazel,cbrazelmg
810,Kelci Donoher,
811,Julie Standell,jstandellmi
812,Noel Ferry,nferrymj
813,Nikaniki Kenworthy,nkenworthymk
814,Yancey Clouston,ycloustonml
815,Domenico Lillecrap,dlillecrapmm
816,Coleman Boustred,cboustredmn
817,Staffard Possel,sposselmo
818,Rainer Erskin,rerskinmp
819,Thedrick Kowalik,tkowalikmq
820,Grier Mottley,gmottleymr
821,Phillie Marr,pmarrms
822,Kimmi Baurerich,
823,Devora Armytage,
824,Emeline Hannah,ehannahmv
825,Rozella Boughtflower,rboughtflowermw
826,Kym Bene,kbenemx
827,Delmer Penvarden,dpenvardenmy
828,Letisha Henriquet,lhenriquetmz
829,Cosmo Skade,cskaden0
830,Caryl Rydzynski,crydzynskin1
831,Bord Loseby,blosebyn2
832,Kati Baelde,kbaelden3
833,Klarrisa Deschlein,kdeschleinn4
834,Gery Bocking,gbockingn5
835,Dimitry Quartly,dquartlyn6
836,Liliane McLemon,lmclemonn7
837,Cynde Hetterich,chetterichn8
838,Vannie Daout,vdaoutn9
839,Sansone Delhanty,sdelhantyna
840,Friedrich Elrick,felricknb
841,Abram Irvin,airvinnc
842,Shirleen Rubberts,srubbertsnd
843,Camel Flello,cflellone
844,Claudia Towndrow,ctowndrownf
845,Holly Millimoe,hmillimoeng
846,Vitia Camelli,vcamellinh
847,Kaia Urwen,kurwenni
848,Christabel Bemand,cbemandnj
849,Arri Dallyn,adallynnk
850,Kristoforo Dayne,kdaynenl
851,Minni Addess,maddessnm
852,Spike Checklin,schecklinnn
853,Garold Endrighi,gendrighino
854,Bradford Flintoff,bflintoffnp
855,Shanna Elis,selisnq
856,Camila Schroder,cschrodernr
857,Lida Chiese,lchiesens
858,Haskel McGookin,hmcgookinnt
859,Page Johanchon,pjohanchonnu
860,Neel Cudbertson,ncudbertsonnv
861,Tadeo Lewty,tlewtynw
862,Ruprecht Hempshall,rhempshallnx
863,Rolph Blakiston,rblakistonny
864,Norman Muddimer,nmuddimernz
865,Vasilis Foreman,vforemano0
866,Katuscha Rabidge,
867,Nil Whistlecroft,nwhistlecrofto2
868,Harriott Mulvy,hmulvyo3
869,Marney Starmont,mstarmonto4
870,Garik Jagg,gjaggo5
871,Kristofer Cleft,kclefto6
872,Kinsley Henlon,khenlono7
873,Hube Olivo,holivoo8
874,Phyllida Jillett,
875,Christine Kirmond,ckirmondoa
876,Dag Fear,dfearob
877,Dorothy Inglish,dinglishoc
878,Genna Mellodey,gmellodeyod
879,Kay Ede,kedeoe
880,Phineas De Bischop,pdeof
881,Erich Padell,epadellog
882,Billi Rubinowicz,
883,Hobey Joyson,hjoysonoi
884,Orelia Ollivierre,oollivierreoj
885,Catlaina Rubens,crubensok
886,Julee Weems,jweemsol
887,Mara Bending,mbendingom
888,Anjanette Sparrowe,asparroweon
889,Chrystal Karlik,ckarlikoo
890,Beth Domelaw,bdomelawop
891,Dru Willbraham,dwillbrahamoq
892,Francklyn Shead,fsheador
893,Adi Borchardt,aborchardtos
894,Ward Dermott,wdermottot
895,Penelope McAllan,pmcallanou
896,Maren Yeudall,myeudallov
897,Gena Flipsen,gflipsenow
898,Alidia Bone,aboneox
899,Corenda Darlaston,cdarlastonoy
900,Onida Barmby,obarmbyoz
901,Ezechiel Quarrell,equarrellp0
902,Gaultiero Pressdee,gpressdeep1
903,Pegeen Franchioni,pfranchionip2
904,Briant Skipton,bskiptonp3
905,Konstantine Rushbury,krushburyp4
906,Lorenzo Durrett,ldurrettp5
907,Marrissa Moy,mmoyp6
908,Bonni Schukraft,bschukraftp7
909,Gracia Raggett,graggettp8
910,Pembroke Whannel,pwhannelp9
911,Harald Gilhespy,hgilhespypa
912,Phebe Hallen,phallenpb
913,Danita Greendale,dgreendalepc
914,Giselle Suett,gsuettpd
915,Yardley Gronaller,ygronallerpe
916,Sollie Phetteplace,sphetteplacepf
917,Kasey Arnowitz,karnowitzpg
918,Mabel Goodrum,mgoodrumph
919,Danika Canadine,dcanadinepi
920,Shelley Veal,
921,Marrissa Land,mlandpk
922,Karee Collisson,kcollissonpl
923,Ronda Jacson,rjacsonpm
924,Oliviero Bent,obentpn
925,Shelley Lehrmann,slehrmannpo
926,Anselma Codling,acodlingpp
927,Blinni Peverell,bpeverellpq
928,Annmaria Schreiner,aschreinerpr
929,Elset Simcox,esimcoxps
930,Caz Ingyon,cingyonpt
931,Marlin McCabe,mmccabepu
932,Tanitansy McHenry,tmchenrypv
933,Kahaleel McGeachey,kmcgeacheypw
934,Philippa Wrightim,pwrightimpx
935,Drew Proffitt,dproffittpy
936,Yettie Don,ydonpz
937,Jaymee Woloschin,jwoloschinq0
938,Carlotta Tungate,ctungateq1
939,Orlan Oddboy,ooddboyq2
940,Nara Bister,nbisterq3
941,Evin Markwell,emarkwellq4
942,Merrill Swires,mswiresq5
943,Elke Poundford,epoundfordq6
944,Spencer Askey,saskeyq7
945,Alexei Sorrel,asorrelq8
946,Molli Dasent,mdasentq9
947,Ashlen Shoppee,ashoppeeqa
948,Philipa Lefridge,plefridgeqb
949,Kimmy Mingardi,kmingardiqc
950,Gonzalo Prestland,gprestlandqd
951,Jody Ellerington,jelleringtonqe
952,Reena Loy,
953,Belva Tomkys,btomkysqg
954,Nari Acom,nacomqh
955,Chadwick Droghan,cdroghanqi
956,Amaleta Tofanini,atofaniniqj
957,Danya Wardrop,dwardropqk
958,Hermia Ciani,hcianiql
959,Emmye Itzakson,eitzaksonqm
960,Carry Rodriguez,crodriguezqn
961,Maurie Sallis,msallisqo
962,Terry Landeaux,tlandeauxqp
963,Joseph Brodie,jbrodieqq
964,Chaddie Curuclis,ccuruclisqr
965,Ethelind Crayden,ecraydenqs
966,Bobbette Clear,bclearqt
967,Devonna Artinstall,dartinstallqu
968,Nalani McCluin,nmccluinqv
969,Phylys Petersen,ppetersenqw
970,Sarene Tureville,sturevilleqx
971,Wilbert Fierman,wfiermanqy
972,Estelle Rankling,
973,Elaine Overbury,eoverburyr0
974,Yuma Treadway,ytreadwayr1
975,Carolin Hirjak,chirjakr2
976,Felicia Streeter,fstreeterr3
977,Jakob Matthieson,jmatthiesonr4
978,Lenna Borthram,lborthramr5
979,Trace Kyrkeman,tkyrkemanr6
980,Kaylyn Brockington,kbrockingtonr7
981,Lexine Paget,lpagetr8
982,Zeke Izakson,zizaksonr9
983,Jabez Kuna,
984,Rickey Steer,rsteerrb
985,Veronike Guyonneau,vguyonneaurc
986,Warden Scotchford,wscotchfordrd
987,Berk Medling,bmedlingre
988,Gare McGarrity,gmcgarrityrf
989,Merl Cometto,mcomettorg
990,Pernell O'Geaney,
991,Cristy Kalb,ckalbri
992,Cathy Brecon,cbreconrj
993,Vanna Pedrick,vpedrickrk
994,Colin Farbrace,cfarbracerl
995,Cassi Badrock,cbadrockrm
996,Akim Cuniffe,acuniffern
997,Elijah Wordsworth,ewordsworthro
998,Leyla Toothill,ltoothillrp
999,Alphonse Ashness,aashnessrq
1000,Reinald Kalb,rkalbrr
